bangla	english
একাডেমি	academy
অ্যাকাউন্ট	account
অ্যাসিড	acid
অ্যাডাপ্টার	adapter
অ্যাড্রেস	address
অ্যাডমিন	admin
অ্যাডমিশন	admission
এডমিশন	admission
ঈশপ	aesop
আফ্রিকা	africa
আগ্রা	agra
অ্যালার্ম	alarm
আলাস্কা	alaska
অ্যালবার্টা	alberta
অ্যালবাম	album
অ্যালকোহল	alcohol
আলেকজান্ডার	alexander
আলজেরিয়া	algeria
অ্যালগরিদম	algorithm
অ্যালার্জি	allergy
অ্যাম্বার	amber
আমেরিকা	america
আন্দামান	andaman
অ্যান্ড্রু	andrew
অ্যান্ড্রয়েড	android
অ্যাঙ্গোলা	angola
অ্যানিমেশন	animation
অ্যানিমে	anime
অ্যান্টার্কটিকা	antarctica
অ্যান্টেনা	antenna
অ্যান্টনি	anthony
অ্যানথ্রাক্স	anthrax
অ্যান্টিবায়োটিক	antibiotic
অ্যাপোলো	apollo
অ্যাপ	app
আপেল	apple
অ্যাপ্লিকেশন	application
এপ্রিল	april
আরাকান	arakan
আর্কাইভ	archive
আর্কটিক	arctic
আর্জেন্টিনা	argentina
অ্যারিজোনা	arizona
আর্টিকেল	article
আর্টিস্ট	artist
এশিয়া	asia
আসাম	assam
অ্যাসাইনমেন্ট	assignment
আটলান্টা	atlanta
আটলান্টিক	atlantic
অ্যাটম	atom
অডিও	audio
অডিশন	audition
অগস্ট	august
অগাষ্ট	august
অগাস্ট	august
আগষ্ট	august
আগস্ট	august
অস্ট্রেলিয়া	australia
অস্ট্রিয়া	austria
অথোরিটি	authority
অথরিটি	authority
অ্যাভোকাডো	avocado
অ্যাভাটার	avatar
ব্যাবিলন	babylon
ব্যাগ	bag
বেইল	bail
বলকান	balkan
বল	ball
বেলুন	balloon
ব্যাঙ্কক	bangkok
ব্যাংক	bank
ব্যাঙ্ক	bank
ব্যানার	banner
বাস্কেটবল	basketball
ব্যাটারি	battery
বিয়ার	beer
বেলারুশ	belarus
বেলফাস্ট	belfast
বেলগ্রেড	belgrade
বেল	bell
বেনারস	benares
বার্লিন	berlin
বাইবেল	bible
বিল	bill
বাইনারি	binary
বায়োস	bios
বিস্কুট	biscuit
ব্লগ	blog
ব্লগার	blogger
ব্লুটুথ	bluetooth
বলিউড	bollywood
বোনাস	bonus
বুকমার্ক	bookmark
বুস্টার	booster
বসনিয়া	bosnia
বস	boss
বুর্জোয়া	bourgeois
বাক্স	box
ব্রেইন	brain
ব্রেক	brake
ব্রাস	brass
ব্রাজিল	brazil
ব্রাজিলিয়ান	brazilian
ব্রেক	break
ব্রেকফাস্ট	breakfast
ব্রিস্টল	bristol
ব্রিটেন	britain
ব্রিটিশ	british
ব্রডকাস্ট	broadcast
ব্রডকাস্টার	broadcaster
ব্রোঞ্জ	bronze
ব্রাউজ	browse
ব্রাউজার	browser
ব্রাশ	brush
বাকিংহাম	buckingham
বুদাপেস্ট	budapest
বাজেট	budget
বাল্ব	bulb
বুলেট	bullet
বাম্পার	bumper
বার্গার	burger
বার্মা	burma
বাস	bus
বুসান	busan
বাটন	button
বাইট	byte
কেবল	cable
ক্যাশ	cache
কায়রো	cairo
কেক	cake
ক্যালকুলেটর	calculator
ক্যালগারি	calgary
ক্যালিফোর্নিয়া	california
কেমব্রিজ	cambridge
ক্যামেরা	camera
ক্যাম্পাস	campus
কানাডা	canada
ক্যান্সার	cancer
ক্যান্ডি	candy
ক্যাপসুল	capsule
কার	car
কার্বোহাইড্রেট	carbohydrate
কার্বন	carbon
কার্ড	card
কার্ডিয়াক	cardiac
কার্ডিফ	cardiff
কার্ডিওলজিস্ট	cardiologist
কার্ডিওলজি	cardiology
ক্যারাম	carom
ক্যাশ	cash
ক্যাস্টার	caster
ক্যাস্টর	castor
ক্যাট	cat
সিডি	cd
সেন্টার	center
সেন্টিমিটার	centimeter
সেন্টিমিটার	centimetre
সেন্টার	centre
সার্টিফিকেট	certificate
চেয়ার	chair
চ্যানেল	channel
চার্জার	charger
চার্লস	charles
চার্ট	chart
চ্যাট	chat
চ্যাটার্জী	chatterjee
চেক	check
চেকলিস্ট	checklist
কেমিক্যাল	chemical
কেমিস্ট	chemist
কেমিস্ট্রি	chemistry
চেক	cheque
চিমনি	chimney
চকলেট	chocolate
চকোলেট	chocolate
খ্রিস্টান	christian
ক্রোম	chrome
চার্চ	church
সিগারেট	cigarette
সিনেমা	cinema
সিনেমাটোগ্রাফার	cinematographer
সিনেমাটোগ্রাফি	cinematography
সিটি	city
ক্লাস	class
ক্লাসিক	classic
ক্লাসিকাল	classical
ক্লাসরুম	classroom
ক্লিন	clean
ক্লিনিক	clinic
ক্লিপবোর্ড	clipboard
ক্লোন	clone
ক্লাউড	cloud
ক্লাব	club
সিএনজি	cng
কোস্টার	coaster
কোড	code
কোডিং	coding
কফি	coffee
কালেকশন	collection
কালেক্টিভ	collective
কলেজ	college
কালার	color
কালার	colour
কমিশন	commission
কোম্পানি	company
কম্পাস	compass
কমপ্লিট	complete
কমপ্লেক্স	complex
কম্প্রেশন	compression
কম্পিউটার	computer
কম্পিউটিং	computing
কংক্রিট	concrete
কন্ডিশনার	conditioner
কনফিগ	config
কনফিগারেশন	configuration
কংগ্রেস	congress
কানেকশন	connection
কানেক্টিভিটি	connectivity
কনস্টান্টিনোপল	constantinople
কন্ট্রাক্ট	contract
কন্ট্রোল	control
কনভেনশন	convention
কুকি	cookie
কোঅপারেটিভ	cooperative
কপি	copy
করোনা	corona
করোনাভাইরাস	coronavirus
কোর্স	course
কোর্ট	court
ক্রাফট	craft
ক্রিম	cream
ক্রীম	cream
ক্রেডিট	credit
ক্রিকেট	cricket
ক্রিটিক	critic
ক্রিপ্টো	crypto
ক্রিস্টাল	crystal
ক্রিস্টালোগ্রাফি	crystallography
কার্সর	cursor
সাইক্লোন	cyclone
ডালিয়া	dahlia
দামাস্কাস	damascus
ডেটা	data
ডেটাবেস	database
ডেভিড	david
ডিবাগ	debug
ডিসেম্বর	december
ডিক্রি	decree
ডিফেন্ডার	defender
ডিফেন্স	defense
ডিগ্রি	degree
ডিপার্টমেন্ট	department
ডিপ্রেশন	depression
ডেস্ক	desk
ডেস্কটপ	desktop
ডিটেক্টর	detector
ডিভাইস	device
ডিকশনারি	dictionary
ডিকশনারী	dictionary
ডিজিটাল	digital
ডাইঅক্সাইড	dioxide
ডিপ্লোমা	diploma
ডিস্কো	disco
ডিস্কোগ্রাফি	discography
ডিসপ্লে	display
ডিস্ট্রিক্ট	district
ডাক্তার	doctor
ডকুমেন্ট	document
ডলার	dollar
ডলফিন	dolphin
ডোমেইন	domain
ডোনাট	donut
ডবল	double
ডাউনলোড	download
ড্রাইভ	drive
ড্রাইভার	driver
ডুওডেনাম	duodenum
দুরিয়ান	durian
ডিভিডি	dvd
ঈগল	eagle
ইস্টার	easter
ইস্টার্ন	eastern
এডিনবরা	edinburgh
এডিট	edit
এডিটর	editor
এডমন্টন	edmonton
ইফেক্ট	effect
ইলেকশন	election
ইলেক্ট্রোম্যাগনেটিক	electromagnetic
ইলেকট্রন	electron
ইমেইল	email
ইমোজি	emoji
এনক্রিপ্ট	encrypt
এনক্রিপশন	encryption
ইঞ্জিন	engine
ইঞ্জিনিয়ার	engineer
ইঞ্জিনিয়ারিং	engineering
ইংল্যান্ড	england
এন্ট্রান্স	entrance
এন্ট্রি	entry
এপিটাফ	epitaph
এথিক্স	ethics
ইউরেশিয়া	eurasia
ইউরো	euro
ইউরোপ	europe
এক্সাম	exam
এক্সক্লুসিভ	exclusive
এক্সিবিশন	exhibition
এক্সপোর্ট	export
ফেসবুক	facebook
ফ্যাকাল্টি	faculty
ফ্যান	fan
ফ্যাশন	fashion
ফেভারিট	favorite
ফেভারিট	favourite
ফেব্রুয়ারি	february
ফেডারাল	federal
ফেডারেশন	federation
ফিডব্যাক	feedback
ফেমিনিস্ট	feminist
ফেন্ডার	fender
ফিল্ড	field
ফিল্ডার	fielder
ফাইল	file
ফিল্ম	film
ফিল্টার	filter
ফাইনালিস্ট	finalist
ফিনল্যান্ড	finland
ফ্ল্যাগ	flag
ফ্লাশ	flash
ফ্ল্যাট	flat
ফ্লপি	floppy
ফ্লোরেন্স	florence
ফ্লোরিডা	florida
ফ্লুরাইড	fluoride
ফ্লাক্স	flux
ফোল্ডার	folder
ফুটবল	football
ফুটপাথ	footpath
ফরেস্ট্রি	forestry
ফর্ম	form
ফরম্যাট	format
ফোরাম	forum
ফাউন্ডেশন	foundation
ফ্রেমওয়ার্ক	framework
ফ্রেশ	fresh
ফ্রিজ	fridge
ফ্রেন্ডশিপ	friendship
ফ্রুট	fruit
গ্যালারি	gallery
গেম	game
গ্যারেজ	garage
গ্যাস	gas
জেনেটিক	genetic
জেনেটিক্স	genetics
জিনোমিক্স	genomics
জার্মান	german
জার্মানি	germany
গিজার	geyser
জিব্রাল্টার	gibraltar
গিগাবাইট	gigabyte
গিট	git
গিটহাব	github
গ্লাস	glass
গ্লোবাল	global
গ্লোব	globe
গোয়া	goa
গোল	goal
গোল্ডফিশ	goldfish
গুগল	google
গ্রাম	gram
গ্রামার	grammar
গ্রাফ	graph
গ্রাফিক	graphic
গ্রাফিকাল	graphical
গ্রাফিক্স	graphics
গ্রাফাইট	graphite
গ্রিস	greece
গ্রিক	greek
গ্রিন	green
গ্রীন	green
গ্রিনহাউস	greenhouse
গ্রিল	grill
গ্রুপ	group
গিটার	guitar
গিটারিস্ট	guitarist
গুজরাট	gujarat
গায়ানা	guyana
জিমনাস্টিক	gymnastic
জিমনাস্টিকস	gymnastics
হল	hall
হ্যানয়	hanoi
হার্ডওয়্যার	hardware
হার্ভার্ড	harvard
হ্যাশ	hash
হেডমাস্টার	headmaster
হেডফোন	headphone
হার্ট	heart
হিব্রু	hebrew
হেলিকাপ্টার	helicopter
হ্যালো	hello
হেনা	henna
হেপাটাইটিস	hepatitis
হিউরিস্টিক	heuristic
হিটলার	hitler
হকি	hockey
হোমপেজ	homepage
হরমোন	hormone
হসপিটাল	hospital
হাসপাতাল	hospital
হোটেল	hotel
হটস্পট	hotspot
হিউস্টন	houston
হিউম্যানিস্ট	humanist
হান্টার	hunter
হাইড্রোলিক	hydraulic
হাইড্রোজেন	hydrogen
হাইপারটেনশন	hypertension
হাইপারটেক্সট	hypertext
হাইপোথ্যালামাস	hypothalamus
আইসল্যান্ড	iceland
আইকন	icon
আইডেনটিটি	identity
ইমেজ	image
ইমিগ্রেশন	immigration
ইনবক্স	inbox
ইন্ডিয়া	india
ইন্ডিকেটর	indicator
ইন্দোনেশিয়া	indonesia
ইনফিনিটি	infinity
ইনফ্লুয়েঞ্জা	influenza
ইনফ্রারেড	infrared
ইনজেকশন	injection
ইনপুট	input
ইনস্টল	install
ইনস্টিটিউট	institute
ইনস্টিটিউশনাল	institutional
ইনসুলেটর	insulator
ইনসুলিন	insulin
ইন্টারেস্ট	interest
ইন্টার্ন	intern
ইন্টারনেট	internet
ইন্টার্নশিপ	internship
ইরান	iran
আয়ারল্যান্ড	ireland
ইসরায়েল	israel
ইস্তাম্বুল	istanbul
জ্যাকেট	jacket
জ্যাকসন	jackson
জাম	jam
জ্যাম	jam
জানুয়ারি	january
জাপান	japan
জেসমিন	jasmine
জাভা	java
জিন্স	jeans
জেফারসন	jefferson
যিহোবা	jehovah
জেরুসালেম	jerusalem
জন	john
জজ	judge
জগ	jug
জুলাই	july
জংশন	junction
জাঙ্কশন	junction
জুন	june
কাজাখস্তান	kazakhstan
কেরোসিন	kerosene
কেটলি	kettle
কিবোর্ড	keyboard
কীবোর্ড	keyboard
কীস্ট্রোক	keystroke
কিডনি	kidney
কিলোবাইট	kilobyte
কিলোগ্রাম	kilogram
কিলোমিটার	kilometer
কিলোমিটার	kilometre
কিংস্টন	kingston
কোরিয়া	korea
কিরগিজস্তান	kyrgyzstan
লাদাখ	ladakh
লন্ঠন	lantern
ল্যাপটপ	laptop
লেজার	laser
লন্ড্রি	laundry
লাভা	lava
লীগ	league
লেকচার	lecture
লেজিসলেটিভ	legislative
লেমনেড	lemonade
লেনিন	lenin
লেসবিয়ান	lesbian
লেটার	letter
এলজিবিটি	lgbt
লাইব্রেরি	library
লাইসেন্স	licence
লাইসেন্স	license
লাইফস্টাইল	lifestyle
লিফট	lift
লাইটার	lighter
লিংক	link
লিঙ্ক	link
লিনাক্স	linux
লিপস্টিক	lipstick
লিটার	liter
লিটার	litre
লিভারপুল	liverpool
লোকেশন	location
লকার	locker
লগ	log
লগইন	login
লগআউট	logout
লন্ডন	london
লোশন	lotion
লাউডস্পিকার	loudspeaker
লাঞ্চ	lunch
মাকাও	macao
মাদাগাস্কার	madagascar
ম্যাডাম	madam
মাদ্রাজ	madras
ম্যাজেন্টা	magenta
মালয়	malay
মালয়েশিয়া	malaysia
মালদ্বীপ	maldives
ম্যানেজার	manager
মার্চ	march
মার্কেট	market
মার্কেটিং	marketing
মাস্কারা	mascara
মাস্টার	master
মাস্টারপিস	masterpiece
ম্যাচ	match
মরিশাস	mauritius
মে	may
মিডিয়া	media
মেডিসিন	medicine
মীরাট	meerut
মেগাবাইট	megabyte
মেলানেশিয়া	melanesia
মেমোরি	memory
মেসেজ	message
মিটার	meter
মিথেন	methane
মিটার	metre
মেট্রো	metro
মেক্সিকো	mexico
মাইক	mic
মাইক্রো	micro
মাইক্রোনেশিয়া	micronesia
মাইক্রোফোন	microphone
মাইক্রোস্কোপ	microscope
মাইক্রোসফট	microsoft
মাইগ্রেইন	migraine
মাইগ্রেন	migraine
মিলিমিটার	millimeter
মিলিমিটার	millimetre
মিনিস্টার	minister
মাইনাস	minus
মিনিট	minute
মিশন	mission
মব	mob
মোবাইল	mobile
মোবিলিটি	mobility
মডেল	model
মডেম	modem
মডিউল	module
মনিটর	monitor
মনোক্সাইড	monoxide
মস্কো	moscow
মাদারবোর্ড	motherboard
মোশন	motion
মটর	motor
মোটর	motor
মাউস	mouse
মুভি	movie
মগ	mug
মমি	mummy
মিউজিক	music
মিয়ানমার	myanmar
নাগাল্যান্ড	nagaland
নেটিভ	native
ন্যাটো	nato
নেগেটিভ	negative
নেপচুন	neptune
নেটওয়ার্ক	network
নেটওয়ার্কিং	networking
নিউজ	news
নিকোবর	nicobar
নিকোটিন	nicotine
নাইট্রেট	nitrate
নাইট্রিক	nitric
নাইট্রোজেন	nitrogen
নোটেশন	notation
নোটিফিকেশন	notification
নভেল	novel
নভেম্বর	november
নিউক্লিওটাইড	nucleotide
নিউক্লিয়াস	nucleus
নম্বর	number
নিউট্রিশন	nutrition
ওশেনিয়া	oceania
অক্টোবর	october
অক্টোপাস	octopus
অফিস	office
অফলাইন	offline
ওহাইও	ohio
অনলাইন	online
অন্টারিও	ontario
অপারেশন	operation
অপটিক	optic
অপটিকাল	optical
অপটিক্স	optics
অপশন	option
অর্কেস্ট্রা	orchestra
অরিজিনাল	original
অস্কার	oscar
আউটসোর্সিং	outsourcing
ওভারফ্লো	overflow
ওভারভিউ	overview
অক্সফোর্ড	oxford
অক্সিডেশন	oxidation
অক্সাইড	oxide
অক্সিজেন	oxygen
ওজোন	ozone
প্যাকেজ	package
প্যালেস্টাইন	palestine
পার্সেল	parcel
প্যারিস	paris
পার্কিং	parking
পার্টি	party
পাসপোর্ট	passport
পাসওয়ার্ড	password
পেস্ট	paste
পেট্রোল	petrol
পেট্রোলিয়াম	petroleum
ফার্মাসিউটিকাল	pharmaceutical
ফার্মাসিস্ট	pharmacist
ফার্মাকোলজি	pharmacology
ফিলিপাইন	philippines
ফোন	phone
ফোনোগ্রাফ	phonograph
ফটো	photo
ফটোগ্রাফ	photograph
ফটোগ্রাফি	photography
ফিজিক্স	physics
পিয়ানো	piano
পিজা	pizza
প্লেগ	plague
প্লেইন	plane
প্লেন	plane
প্লাজমা	plasma
প্লাস্টার	plaster
প্লাস্টিক	plastic
প্লেটলেট	platelet
প্ল্যাটফর্ম	platform
প্লাটিনাম	platinum
পল্টন	platoon
প্লেলিস্ট	playlist
প্লিজ	please
প্লীজ	please
প্লাগইন	plugin
প্লুটো	pluto
পকেট	pocket
পুলিশ	police
পলিসি	policy
পলিটিক্স	politics
পলিনেশিয়া	polynesia
পোর্ট	port
পোর্ট্রেট	portrait
পোস্ট	post
পোস্টকার্ড	postcard
পোস্টার	poster
পোস্টমাস্টার	postmaster
পোস্টস্ক্রিপ্ট	postscript
প্রেসক্রিপশন	prescription
প্রেস	press
প্রেসার	pressure
প্রিভিউ	preview
প্রিন্টার	printer
প্রব্লেম	problem
প্রসেসর	processor
প্রোডাক্ট	product
প্রোগ্রাম	program
প্রোগ্রাম	programme
প্রোগ্রামড	programmed
প্রোগ্রামার	programmer
প্রোগ্রামিং	programming
প্রজেক্ট	project
প্রজেক্টাইল	projectile
প্রোপাগান্ডা	propaganda
প্রোস্টেট	prostate
প্রোটিন	protein
প্রোটন	proton
প্রোটোটাইপ	prototype
প্রক্সি	proxy
পাবলিকেশন	publication
পুডিং	pudding
পিথাগোরাস	pythagoras
পাইথন	python
কুইবেক	quebec
রেডিও	radio
রেল	rail
রেইল	rail
র‍্যাম	ram
র‍্যান্ডম	random
রাস্টার	raster
রিঅ্যাকশন	reaction
রিএকশন	reaction
রিঅ্যাক্টর	reactor
রিএক্টর	reactor
রেবেকা	rebecca
রেকর্ড	record
রিফ্লেক্স	reflex
রেজিস্টার	register
রেজিস্ট্রার	registrar
রেজিস্ট্রেশন	registration
রেজিস্ট্রি	registry
রিলিজ	release
রিপোর্ট	report
রিপোর্টার	reporter
রিপোজিটরি	repository
রেজল্যুশন	resolution
রেস্টুরেন্ট	restaurant
রেজাল্ট	result
রেটিনা	retina
রেটিনাল	retinal
রিটার্ন	return
রেভোলুশন	revolution
রাইনল্যান্ড	rhineland
রিকশা	rickshaw
রিংমাস্টার	ringmaster
রোবট	robot
রম	rom
রোমান	roman
রোমান্টিক	romantic
রোম	rome
রাউটার	router
রবার	rubber
রাসেল	russell
রাশিয়া	russia
সাবরিনা	sabrina
সালাদ	salad
সেলুন	saloon
সস	sauce
স্ক্যানার	scanner
স্কার্ফ	scarf
শিডিউল	schedule
স্কুল	school
স্কুটার	scooter
স্কটল্যান্ড	scotland
স্কাউট	scout
স্ক্রিন	screen
স্ক্রীন	screen
স্ক্রিনশট	screenshot
স্ক্রু	screw
স্ক্রিপ্ট	script
স্ক্রল	scroll
স্ক্রোল	scroll
স্কুবা	scuba
সিট	seat
সেকেন্ড	second
সেকশন	section
সেক্টর	sector
সিকিউরিটি	security
সিলেকশন	selection
সেমিস্টার	semester
সেমিনার	seminar
সেমিটিক	semitic
সেপ্টেম্বর	september
সিরিয়াল	serial
সার্ভার	server
সেশন	session
সেটিং	setting
সেটিংস	settings
সেক্স	sex
শ্যাম্পু	shampoo
শার্পশুটার	sharpshooter
শেল্টার	shelter
শার্ট	shirt
শুটিং	shooting
শর্টকাট	shortcut
সাইনইন	signin
সাইনআপ	signup
সিলিকন	silicon
সিম	sim
সিংগাপুর	singapore
সিঙ্গাপুর	singapore
স্যার	sir
সিস্টার	sister
স্কেট	skate
স্কাইপ	skype
স্লাইড	slide
স্লোগান	slogan
স্লোভাক	slovak
স্মার্ট	smart
স্মার্টফোন	smartphone
স্ন্যাপশট	snapshot
সকার	soccer
সোফা	sofa
সফটওয়্যার	software
সফ্টওয়্যার	software
সোমালিয়া	somalia
সুপ	soup
সোর্স	source
সোভিয়েত	soviet
স্পেসক্রাফট	spacecraft
স্পেন	spain
স্প্যাম	spam
স্পিকার	speaker
স্পেশালিস্ট	specialist
স্পোর্টস	sports
স্প্রেডশিট	spreadsheet
স্প্রিং	spring
স্টেডিয়াম	stadium
স্তালিন	stalin
স্টাম্প	stamp
স্টার্টার	starter
স্টার্টআপ	startup
স্টেট	state
স্টেটস	states
স্টেশন	station
স্টিমার	steamer
স্টিল	steel
স্টেরিও	stereo
স্টেরিওটাইপ	stereotype
স্টিক	stick
স্টিকি	sticky
স্টোর	store
স্ট্রিম	stream
স্ট্রিট	street
স্ট্রিং	string
স্ট্রাকচারাল	structural
স্টুডিও	studio
স্টাইলিস্ট	stylist
সাবস্ক্রাইব	subscribe
সাবস্ক্রাইবার	subscriber
সাফিক্স	suffix
সুগার	sugar
সালফেট	sulfate
সালফাইড	sulfide
সমন	summons
সাপ্লিমেন্ট	supplement
সার্জারি	surgery
সুরিনাম	suriname
সাসপেনশন	suspension
সুইফট	swift
সুইজারল্যান্ড	switzerland
সিলেট	sylhet
সিলেবাস	syllabus
সিন্ডিকেটেড	syndicated
সিন্ডিকেশন	syndication
সিস্টেম	system
টেবিল	table
ট্যাবলেট	tablet
তাইপে	taipei
তাইওয়ান	taiwan
ট্যান্ডেম	tandem
ট্যাক্স	tax
ট্যাক্সি	taxi
টিম	team
টেকনোলজি	technology
টেলিগ্রাম	telegram
টেলিগ্রাফ	telegraph
টেলিফোন	telephone
টেলিস্কোপ	telescope
টেলিভিশন	television
টেমপ্লেট	template
টেনিস	tennis
টেনশন	tension
টেরাবাইট	terabyte
টার্মিনাল	terminal
টার্মিনাস	terminus
টেস্টার	tester
টেক্সটবুক	textbook
টেক্সটাইল	textile
থাইল্যান্ড	thailand
টেমস	thames
টেম্‌স	thames
থেরাপিস্ট	therapist
থার্মোমিটার	thermometer
থ্রেড	thread
টিকিট	ticket
টাইল	tile
টিন	tin
টিন্ডার	tinder
টমেটো	tomato
টম্যাটো	tomato
টন	ton
টুল	tool
টরন্টো	toronto
টুর্নামেন্ট	tournament
টাউন	town
ট্রেডমার্ক	trademark
ট্রেইন	train
ট্রেন	train
ট্রেনিং	training
ট্রান্সক্রিপ্ট	transcript
ট্রান্সক্রিপশন	transcription
ট্রানজিস্টার	transistor
ট্রান্সমিশন	transmission
ট্রান্সমিটার	transmitter
ট্রান্সপোর্ট	transport
ট্রাইব্যুনাল	tribunal
ট্রিটিয়াম	tritium
ট্রোল	troll
ট্রপিকাল	tropical
ট্রাক	truck
ট্রাম্প	trump
সুনামি	tsunami
টার্কি	turkey
টিউটোরিয়াল	tutorial
ইউক্রেন	ukraine
আল্ট্রাসাউন্ড	ultrasound
আন্ডারগ্রাউন্ড	underground
ইউনিয়ন	union
ইউনিভার্সিটি	university
আপডেট	update
আপগ্রেড	upgrade
আপলোড	upload
ইউরেনিয়াম	uranium
ইউরেনাস	uranus
ইউজার	user
ইউটিলিটি	utility
ভ্যাকসিন	vaccine
ভালভ	valve
ভ্যাট	vat
ভেক্টর	vector
ভেন্টিলেশন	ventilation
ভেন্টিলেটর	ventilator
ভার্টিকাল	vertical
ভিডিও	video
ভিউ	view
ভার্চুয়াল	virtual
ভাইরাস	virus
ভিসা	visa
ভিটামিন	vitamin
ভদকা	vodka
ওয়ারশ	warsaw
ওয়াশিংটন	washington
ওয়েব	web
ওয়েবক্যাম	webcam
ওয়েবসাইট	website
হোয়াটসঅ্যাপ	whatsapp
ওয়াইফাই	wifi
উইকিপিডিয়া	wikipedia
উইকিপিডিয়ান	wikipedian
উইকিভয়েজ	wikivoyage
উইকশনারি	wiktionary
উইকশনারী	wiktionary
উইলিয়াম	william
উইন্ডোজ	windows
ওয়াইন	wine
উইসকনসিন	wisconsin
উল	wool
ইস্ট	yeast
ইউটিউব	youtube
ইউগোস্লাভ	yugoslav
জেলেনস্কি	zelensky
জায়ন	zion
জম্বি	zombie
এব্রাহাম	abraham
আফটার	after
আইনস্টাইন	einstein
আলাবাস্টার	alabaster
আমেইজিং	amazing
আর্মস্ট্রং	armstrong
আস্ট্রাখান	astrakhan
অথেনটিক	authentic
অটিস্টিক	autistic
আউটব্রেক	outbreak
আউটফিল্ড	outfield
আউটফিল্ডার	outfielder
আউটফ্লো	outflow
আউটরিচ	outreach
আউটপুট	output
অবস্টেট্রিক	obstetric
অফেনসিভ	offensive
অর্কেস্ট্রাল	orchestral
অস্ট্রেলিয়ান	australian
বেইজিং	beijing
ব্লিচ	bleach
ব্লুবেরি	blueberry
ব্লুগ্রাস	bluegrass
ব্লুপ্রিন্ট	blueprint
বোলিং	bowling
বোর্ডিং	boarding
ব্র্যান্ডি	brandy
ব্রেড	bread
ব্রেকআউট	breakout
ব্রেকআপ	breakup
ব্রিফকেস	briefcase
ব্রোমিন	bromine
ব্রাউনফিল্ড	brownfield
ব্রুনাই	brunei
বুটিক	boutique
বাটার	butter
ক্লিক	click
ক্লোরাইড	chloride
ক্লোরিন	chlorine
ক্লোরোফর্ম	chloroform
ক্লোরোফিল	chlorophyll
ক্লোরোপ্লাস্ট	chloroplast
ক্লাস্টার	cluster
ক্রেস্ট	crest
ক্রিয়েটিভ	creative
ক্র্যাক	crack
ক্রস	cross
কাউন্টি	county
কান্ট্রি	country
কাস্টার্ড	custard
ডাইনিং	dining
ডাইভিং	diving
ডিজাস্টার	disaster
ডিসকাউন্ট	discount
ডিসক্লোজার	disclosure
ডিস্টিলারি	distillery
ডিস্ট্রিবিউটর	distributor
ডাউনগ্রেড	downgrade
ডাউনটাইম	downtime
ড্রেন	drain
ডাম্পলিং	dumpling
ডাইনামাইট	dynamite
ডাইনামিক্স	dynamics
ইক্লিপস	eclipse
ইকোসিস্টেম	ecosystem
এনসেফালাইটিস	encephalitis
এন্ডোমেট্রিয়াল	endometrial
এন্টার	enter
এন্টারটেনমেন্ট	entertainment
এনক্লেভ	enclave
এরিথমেটিক	arithmetic
এসপ্রেসো	espresso
এক্সট্রাক্ট	extract
ফ্যাব্রিক	fabric
ফিডেলিটি	fidelity
ফিডস্টক	feedstock
ফিশিং	phishing
ফিক্সেশন	fixation
ফ্লেমিং	fleming
ফ্লেমিশ	flemish
ফ্লেশ	flesh
ফ্লিকার	flicker
ফ্লিপার	flipper
ফ্লাড	flood
ফ্লাফি	fluffy
ফ্লুক	fluke
ফ্লুরিন	fluorine
ফোরকাস্ট	forecast
ফাউন্ডার	founder
ফ্রাক্টাল	fractal
ফ্রেস্কো	fresco
ফ্রিস্টাইল	freestyle
ফান্ডামেন্টালিস্ট	fundamentalist
গেস্টহাউস	guesthouse
গ্লাডস্টোন	gladstone
গ্লাইডার	glider
গ্লুটামেট	glutamate
গ্লুটামিক	glutamic
গ্লাইকোল	glycol
গ্রানাডা	granada
গ্রোথ	growth
হেডসেট	headset
হাইড্রেটেড	hydrated
হাইড্রোফিলিক	hydrophilic
হাইপারলিংক	hyperlink
হিস্টোরিকাল	historical
হিপস্টার	hipster
ইম্পোর্ট	import
ইম্পালস	impulse
ইনটেনসিভ	intensive
ইন্টারসিটি	intercity
ইন্টারফেরন	interferon
ইন্টারপ্লে	interplay
ইন্টারসেকশন	intersection
ইনট্রো	intro
ইনভেসিভ	invasive
ইনভেনশন	invention
ইনভেস্টিগেটিভ	investigative
জ্যাকপট	jackpot
জ্যাসপার	jasper
কিওস্ক	kiosk
কেরাটিন	keratin
ক্লোরেট	chlorate
লিপোপ্রোটিন	lipoprotein
লিথোগ্রাফি	lithography
লিঙ্গুইস্টিক	linguistic
লিঙ্গুইস্টিক্স	linguistics
লোকাস্ট	locust
লবস্টার	lobster
মেজর	major
মেটাফিজিক্স	metaphysics
মেটালার্জি	metallurgy
মেথোট্রেক্সেট	methotrexate
মাইক্রোচিপ	microchip
মাইক্রোমিটার	micrometer
মাইগ্রেট	migrate
মাইলস্টোন	milestone
মনোগ্রাফ	monograph
মনস্টার	monster
মর্নিং	morning
মোটিফ	motif
নিট্রো	nitro
নিউট্রিনো	neutrino
অক্সিডেন্টাল	occidental
ওশানোগ্রাফিক	oceanographic
ওভারড্রাফট	overdraft
ওভারকোট	overcoat
ওভাররাইড	override
পেপটাইড	peptide
পাবলিক	public
পাবলিসিস্ট	publicist
পোলারিটি	polarity
প্রেগন্যান্সি	pregnancy
প্রেজুডিস	prejudice
প্রিহিস্টোরিক	prehistoric
প্রিমরোজ	primrose
প্রিস্টলি	priestley
প্রোব	probe
প্রোপেন	propane
প্রোভাইডার	provider
পিউবার্টি	puberty
রেডিং	reading
রিডিং	reading
রেফারেন্ডাম	referendum
রিফ্লাক্স	reflux
রেজিমেন্ট	regiment
রেজিমেন্টাল	regimental
রেপ্লিকা	replica
রেট্রোভাইরাস	retrovirus
রিভিউ	review
রিক্টার	richter
রিডেম্পশন	redemption
রোস্টার	roster
রোটর	rotor
স্কোর	score
স্কোরবোর্ড	scoreboard
স্কোরকার্ড	scorecard
স্ক্রিম	scream
স্কুইড	squid
স্কার্ট	skirt
স্লেভ	slave
স্লিট	sleet
স্মার্টকার্ড	smartcard
সাউন্ডট্রাক	soundtrack
স্পিরিট	spirit
স্প্লিন	spleen
স্পোক	spoke
স্পন্সরশিপ	sponsorship
স্পুফ	spoof
স্পুটনিক	sputnik
স্টাফ	staff
স্টারডাস্ট	stardust
স্টার্ক	stark
স্টার্লিং	starling
স্টার্লিং	sterling
স্টিমশিপ	steamship
স্টেক	steak
স্টাইন	stein
স্টেলা	stella
স্টেনসিল	stencil
স্টিভেন	steven
স্টক	stock
স্টোরিবোর্ড	storyboard
স্ট্রাইক	strike
স্ট্রিমলাইন	streamline
স্ট্রিমলাইনড	streamlined
সাবইউনিট	subunit
সাবরুটিন	subroutine
সাবস্ক্রিপশন	subscription
সান্ডারল্যান্ড	sunderland
সার্ফিং	surfing
সুইমিং	swimming
টেক্সাস	texas
টেক্সট	text
টিফিন	tiffin
টিল্ডা	tilde
ট্রাফিক	traffic
ট্রান্সপন্ডার	transponder
ট্রান্সপারেন্সি	transparency
ট্রানজিশন	transition
ট্রেডিং	trading
ট্রেন্ড	trend
ট্রেন্ডি	trendy
ট্রিমার	trimmer
ট্রপিক	tropic
ট্রাউজার	trouser
ট্রাউট	trout
টুথব্রাশ	toothbrush
টুথপেস্ট	toothpaste
ট্যুরিস্ট	tourist
টুইস্টার	twister
টাইপিস্ট	typist
আল্ট্রা	ultra
আপস্টার্ট	upstart
ভাইকিং	viking
ভোকালিস্ট	vocalist
সেকুলার	secular
টাউট	tout
টিপাই	teapoy
লিঙ্কনশায়ার	lincolnshire
লিংকনশায়ার	lincolnshire
ডুয়ার্স	dooars
ভিসি	vc
বিজেপি	bjp
চুরুট	cheroot
প্যান্ডেল	pandal
সাফারি	safari
সাইকেল	cycle
খ্রিস্ট	christ
জনসন	johnson
মিউজিয়াম	museum
ফিল্মি	filmy
ফুয়েল	fuel
কস্ট	cost
রাইয়ান	ryan
ডজন	dozen
মোটরসাইকেল	motorcycle
চিজ	cheese
জেব্রা	zebra
লজেন্স	lozenge
আরামকেদারা	armchair
ট্রান্সনিস্ট্রিয়া	transnistria
মিউনিখ	munich
প্ল্যাটিনাম	platinum
স্টার	star
জেটি	jetty
সিং	singh
মিস্টার	mister
ক্রিস্টি	christie
ফার্স্ট	first
স্টিং	sting
হাউজিং	housing
নার্সিং	nursing
গ্রেড	grade
স্কাউটমাস্টার	scoutmaster
প্লেট	plate
স্টাইল	style
ক্রাইস্ট	christ
লিস্টার	lister
শিপ	ship
শিপিং	shipping
শুটার	shooter
লিভিংস্টোন	livingstone
ডার্লিং	darling
স্প্রিংগার	springer
বেজিং	beijing
প্রেস্টিজ	prestige
প্রাইড	pride
স্লাভিক	slavic
প্রিন্সিপালিটি	principality
ইউক্লিড	euclid
লোড	load
ইভনিং	evening
থ্রাস্টার	thruster
পিকিং	peking
মেট্রিক্স	metrics
হেরিং	herring
প্রাইমেট	primate
সেন্স	sense
মিডউইন্টার	midwinter
গ্রুম	groom
রেলিং	railing
প্রুফ	proof
বেস্টসেলার	bestseller
সিস্টেমিক	systemic
ফেটিশ	fetish
রিট্রিট	retreat
স্টেকহোল্ডার	stakeholder
মোটিভ	motive
গার্টার	garter
স্প্রাউট	sprout
কিংফিশার	kingfisher
পোল	poll
সেন্সিবিলিটি	sensibility
নেটস্কেপ	netscape
কার্স্ট	karst
লিটারারি	literary
ফাইবারগ্লাস	fiberglass
ডিফেন্ড	defend
রিস্ট	wrist
সুপারঅক্সাইড	superoxide
ক্রেট	crate
নোটারি	notary
ওল্ডফিল্ড	oldfield
ব্লাফ	bluff
মার্টিনিক	martinique
সিস্টোলিক	systolic
ভিক্টর	victor
কম্পোস্ট	compost
ডিবেট	debate
ইলাস্ট্রেটর	illustrator
ক্রোমাটোগ্রাফি	chromatography
পেনশন	pension
ইলাস্ট্রেশন	illustration
রিক্রুট	recruit
টেম্পল	temple
অকল্যান্ড	auckland
অপারেট	operate
পিটার	peter
ইব্রাহিম	ibrahim
ভুটান	bhutan
উইনচেস্টার	winchester
বাটারফ্লাই	butterfly
ট্রান্সমিট	transmit
স্কেল	scale
প্রাইমটাইম	primetime
বাস্টার	buster
আরভিং	irving
জিমি	jimmy
ক্রিসমাস	christmas
স্প্রে	spray
শেফিল্ড	sheffield
ট্রাস্টি	trustee
ট্রাস্টিজ	trustees
শিলিং	shilling
ফ্লার্ট	flirt
স্ট্রেইট	straight
স্ট্রেইট	strait
বার্মিংহাম	birmingham
ট্রাঙ্ক	trunk
এভারলাস্টিং	everlasting
তাজিকিস্তান	tajikistan
প্লাটুন	platoon
স্কুলমাস্টার	schoolmaster
ট্রাইমিস্টার	trimester
টাটার	tatar
ভিজিট	visit
ক্রেইগ	craig
জিহাদি	jihadi
প্রিভেন্টিভ	preventive
রাইনোপ্লাস্টি	rhinoplasty
স্পিনস্টার	spinster
রোডস্টার	roadster
স্কেটবোর্ড	skateboard
টাস্কমাস্টার	taskmaster
ড্যাশ	dash
সুইচ	switch
ক্লারা	clara
ব্রুকস	brooks
টোস্টার	toaster
প্রাগ	prague
ঘোস্ট	ghost
ফস্টার	foster
ইনব্রিডিং	inbreeding
ডাস্টার	duster
ব্লিস্টার	blister
সিনিস্টার	sinister
ইনস্টিংক্ট	instinct
ইমপোস্টার	impostor
রুস্টার	rooster
ড্রিফট	drift
সিস্টিক	cystic
স্কেলার	scalar
জিবুতি	djibouti
মিনস্টার	minster
স্ক্রাব	scrub
আন্ডাররাইটিং	underwriting
স্পোর	spore
টোস্ট	toast
স্কোরার	scorer
লাস্টার	luster
টারজান	tarzan
জিপসি	gypsy
চার্টিস্ট	chartist
টেকওভার	takeover
টেডি	teddy
ফিটার	fitter
ব্রুমস্টিক	broomstick
স্কিইং	skiing
ক্রিশ্চান	christian
বেনজিন	benzene
বেনজিন	benzine
স্ফিংক্স	sphinx
সাবজেক্টিভিটি	subjectivity
আফটারগ্লো	afterglow
হিচহাইকিং	hitchhiking
কাম্পালা	kampala
ব্র্যান্ড	brand
কালেক্ট	collect
সেন্ডার	sender
ব্রিজটাউন	bridgetown
মাটিল্ডা	matilda
স্পেন্স	spence
ইনডাকটিভ	inductive
প্রেস্টো	presto
ভিডিওগ্রাফার	videographer
মেইল	mail
প্রিস্কুল	preschool
র‍্যাঙ্ক	rank
গ্লাইসিন	glycine
নেমাটোড	nematode
এথনিসিটি	ethnicity
হোলিস্টিক	holistic
হাইড্রোক্সি	hydroxy
লাইফসেভিং	lifesaving
প্রোটেস্ট	protest
মার্টিনি	martini
জগার	jogger
লাইফবোট	lifeboat
এপিআই	api
সিপিইউ	cpu
জিপিইউ	gpu
ইউএসবি	usb
এইচটিএমএল	html
সিএসএস	css
জাভাস্ক্রিপ্ট	javascript
টাইপস্ক্রিপ্ট	typescript
রাস্ট	rust
ডকার	docker
কুবারনেটিস	kubernetes
লিন্ট	lint
লিন্টার	linter
কম্পাইল	compile
কম্পাইলার	compiler
কম্পাইলেশন	compilation
রানটাইম	runtime
ফাংশন	function
ভ্যারিয়েবল	variable
অবজেক্ট	object
মেথড	method
ইন্টারফেস	interface
ইমপ্লিমেন্ট	implement
ইমপ্লিমেন্টেশন	implementation
ডিপ্লয়	deploy
ডিপ্লয়মেন্ট	deployment
বিল্ড	build
টেস্ট	test
টেস্টকেস	testcase
বাগ	bug
ফিক্স	fix
প্যাচ	patch
ব্রাঞ্চ	branch
কমিট	commit
মার্জ	merge
রিপো	repo
কনসোল	console
কমান্ড	command
প্রোটোকল	protocol
প্যাকেট	packet
সকেট	socket
ফায়ারওয়াল	firewall
ডিএনএস	dns
এইচটিটিপি	http
এইচটিটিপিএস	https
ইউআরএল	url
ইউআই	ui
ইউএক্স	ux
ড্যাশবোর্ড	dashboard
পাইপলাইন	pipeline
কন্টেইনার	container
কার্নেল	kernel
ডিস্ট্রো	distro
ভার্সন	version
লগার	logger
লেভেল	level
সিগন্যাল	signal
প্রসেস	process
সার্ভিস	service
ক্লায়েন্ট	client
টোকেন	token
অথেন্টিকেশন	authentication
অথরাইজেশন	authorization
পাসকি	passkey
ওটিপি	otp
ক্যাপচা	captcha
এন্ডপয়েন্ট	endpoint
রিসোর্স	resource
রিকোয়েস্ট	request
রেসপন্স	response
কুয়েরি	query
স্কিমা	schema
মাইগ্রেশন	migration
ইনডেক্স	index
নোড	node
রিঅ্যাক্ট	react
আইওএস	ios
ম্যাক	mac
ম্যাকওএস	macos
আইফোন	iphone
আইপ্যাড	ipad
ওয়াসম	wasm
ওয়েবঅ্যাসেম্বলি	webassembly
ডেটাসেট	dataset
লেক্সিকন	lexicon
অটোকরেক্ট	autocorrect
অটোকারেকশন	autocorrection
ট্রান্সলিটারেশন	transliteration
ট্রান্সলিটারেট	transliterate
ইউনিকোড	unicode
কার্গো	cargo
এনপিএম	npm
ভিট	vite
বান্ডল	bundle
বান্ডলার	bundler
ডক	doc
ডকস	docs
পিডিএফ	pdf
প্রেজেন্টেশন	presentation
নিউজলেটার	newsletter
পডকাস্ট	podcast
ভ্লগ	vlog
লাইভ	live
লাইভস্ট্রিম	livestream
কনটেন্ট	content
ক্রিয়েটর	creator
ইনফ্লুয়েন্সার	influencer
কমেন্ট	comment
লাইক	like
শেয়ার	share
ফলো	follow
ফলোয়ার	follower
ফিড	feed
স্ট্যাটাস	status
স্টোরি	story
রিল	reel
রিলস	reels
মিম	meme
জিআইএফ	gif
ফন্ট	font
টাইপফেস	typeface
লেআউট	layout
ডিজাইন	design
ডিজাইনার	designer
গ্রিড	grid
থিম	theme
মোড	mode
ডার্কমোড	darkmode
ড্রাফট	draft
পাবলিশ	publish
পেমেন্ট	payment
ইনভয়েস	invoice
রিসিপ্ট	receipt
ডেবিট	debit
কারেন্সি	currency
ট্রানজ্যাকশন	transaction
ব্যালেন্স	balance
ডিপোজিট	deposit
উইথড্র	withdraw
উইথড্রয়াল	withdrawal
স্যালারি	salary
বিজনেস	business
কর্পোরেট	corporate
ক্যাশিয়ার	cashier
অডিট	audit
ফান্ড	fund
গ্রান্ট	grant
প্রফিট	profit
লস	loss
ইকুইটি	equity
অ্যাসেট	asset
লায়াবিলিটি	liability
ইনস্যুরেন্স	insurance
প্রিমিয়াম	premium
ইএমআই	emi
স্টুডেন্ট	student
টিচার	teacher
প্রফেসর	professor
লেকচারার	lecturer
সাবজেক্ট	subject
চ্যাপ্টার	chapter
টপিক	topic
নোট	note
নোটস	notes
কুইজ	quiz
মার্ক	mark
স্কলারশিপ	scholarship
ফেলোশিপ	fellowship
থিসিস	thesis
রিসার্চ	research
ল্যাব	lab
জার্নাল	journal
কনফারেন্স	conference
ওয়ার্কশপ	workshop
টিউশন	tuition
টিউটর	tutor
অ্যাম্বুলেন্স	ambulance
ফার্মেসি	pharmacy
ডায়াবেটিস	diabetes
ডায়াগনোসিস	diagnosis
থেরাপি	therapy
সিরাপ	syrup
ইনজুরি	injury
ট্রমা	trauma
সার্জন	surgeon
নার্স	nurse
পেশেন্ট	patient
পালস	pulse
ব্লাড	blood
স্ক্যান	scan
এমআরআই	mri
সিটিস্ক্যান	ctscan
এক্সরে	xray
আইসিইউ	icu
ইমার্জেন্সি	emergency
অ্যানেস্থেশিয়া	anesthesia
স্টেরয়েড	steroid
মাস্ক	mask
স্যানিটাইজার	sanitizer
ডেন্টাল	dental
ডেন্টিস্ট	dentist
নিউরন	neuron
নিউরোলজি	neurology
প্যাথলজি	pathology
ভাইরাল	viral
স্যান্ডউইচ	sandwich
পাস্তা	pasta
নুডলস	noodles
বারবিকিউ	barbecue
কেচাপ	ketchup
মেয়োনিজ	mayonnaise
সিরিয়াল	cereal
ওটস	oats
কর্নফ্লেক্স	cornflakes
স্ন্যাক	snack
ডিনার	dinner
ডেজার্ট	dessert
আইসক্রিম	icecream
চিপস	chips
কোক	coke
সোডা	soda
জুস	juice
ক্যাফে	cafe
এয়ারপোর্ট	airport
এয়ারলাইন	airline
ফ্লাইট	flight
পাইলট	pilot
বাইক	bike
মোটরবাইক	motorbike
স্টপ	stop
ব্রিজ	bridge
টানেল	tunnel
হাইওয়ে	highway
রোড	road
লেন	lane
ফ্লাইওভার	flyover
এস্কেলেটর	escalator
বেড	bed
কাপ	cup
বোতল	bottle
শাওয়ার	shower
টয়লেট	toilet
সোয়েটার	sweater
টিশার্ট	tshirt
প্যান্ট	pant
স্যুট	suit
টাই	tie
বুট	boot
স্যান্ডেল	sandal
ক্যাপ	cap
বেল্ট	belt
ইউনিফর্ম	uniform
জার্সি	jersey
ডেমোক্রেসি	democracy
ডেমোক্র্যাট	democrat
রিপাবলিক	republic
পার্লামেন্ট	parliament
ক্যাবিনেট	cabinet
কমিটি	committee
মিটিং	meeting
এজেন্ডা	agenda
মিনিটস	minutes
প্রপোজাল	proposal
ডিল	deal
কেস	case
লিগ্যাল	legal
লয়ার	lawyer
জুরি	jury
অ্যাডভোকেট	advocate
আপিল	appeal
ওয়ারেন্ট	warrant
কমপ্লেইন	complaint
বায়োলজি	biology
জুলজি	zoology
বটানি	botany
ম্যাথ	math
ম্যাথেমেটিক্স	mathematics
স্ট্যাটিসটিক্স	statistics
জিওমেট্রি	geometry
অ্যালজেব্রা	algebra
ক্যালকুলাস	calculus
ফর্মুলা	formula
থিওরি	theory
এক্সপেরিমেন্ট	experiment
স্যাম্পল	sample
স্পেসিমেন	specimen
মলিকিউল	molecule
আয়ন	ion
আইসোটোপ	isotope
এনার্জি	energy
গ্র্যাভিটি	gravity
ফোর্স	force
মাস	mass
ভলিউম	volume
ডেনসিটি	density
টেম্পারেচার	temperature
হিট	heat
লাইট	light
সাউন্ড	sound
ওয়েভ	wave
ফ্রিকোয়েন্সি	frequency
স্পেকট্রাম	spectrum
উইকেট	wicket
ব্যাট	bat
ব্যাটসম্যান	batsman
বোলার	bowler
রান	run
ওভার	over
ক্যাচ	catch
কোচ	coach
রেফারি	referee
ক্যাপ্টেন	captain
ট্রফি	trophy
মেডেল	medal
ফাইনাল	final
সেমিফাইনাল	semifinal
কোয়ার্টারফাইনাল	quarterfinal
রাউন্ড	round
ড্রাম	drum
ভায়োলিন	violin
ফ্লুট	flute
কনসার্ট	concert
ব্যান্ড	band
সিঙ্গেল	single
ট্র্যাক	track
কাতার	qatar
দুবাই	dubai
ওমান	oman
কুয়েত	kuwait
ইরাক	iraq
সৌদি	saudi
রিয়াদ	riyadh
দোহা	doha
আবুধাবি	abudhabi
মরক্কো	morocco
নেপাল	nepal
তিব্বত	tibet
ভিয়েতনাম	vietnam
কম্বোডিয়া	cambodia
লাওস	laos
মঙ্গোলিয়া	mongolia
ফ্রান্স	france
ইতালি	italy
পর্তুগাল	portugal
নরওয়ে	norway
সুইডেন	sweden
ডেনমার্ক	denmark
পোল্যান্ড	poland
বেরুত	beirut
মাইকেল	michael
ড্যানিয়েল	daniel
রিচার্ড	richard
রবার্ট	robert
জোসেফ	joseph
থমাস	thomas
ম্যাথিউ	matthew
লুক	luke
পল	paul
জর্জ	george
হেনরি	henry
এডওয়ার্ড	edward
আর্থার	arthur
চার্লি	charlie
অলিভার	oliver
এমা	emma
সোফিয়া	sophia
অলিভিয়া	olivia
মিয়া	mia
এলা	ella
এভা	ava
গ্রেস	grace
লুসি	lucy
লিলি	lily
রোজ	rose
সারা	sarah
লরা	laura
মেরি	mary
কেট	kate
জেন	jane
ডেট	date
ড্রেস	dress
এনকোড	encode
হাইক	hike
হোস্ট	host
প্রোফাইল	profile
পাম্প	pump
রাউট	route
সার্চ	search
স্মোক	smoke
ট্রেক	trek
টাইপ	type
ভোট	vote
ডাম্প	dump
ইন্টারপ্রেট	interpret
জাম্প	jump
পুল	pool
রেন্ডার	render
স্পার্ক	spark
ব্রিড	breed
ক্যাটার	cater
পিল	peel
ওভারল্যাপ	overlap
সুপারকম্পিউটার	supercomputer
টিজ	tease
স্টাম্প	stump
প্রুফরিড	proofread
স্কাইডাইভ	skydive
বিট	beat
সেল	sell
স্টেপ	step
ফেড	fade
গ্রিপ	grip
নাম্বার	number
প্রিচ	preach
স্পার	spar
