অকল্যান্ড	16
অক্টোপাস	16
অক্টোবর	16
অক্সফোর্ড	16
অক্সাইড	16
অক্সিজেন	16
অক্সিডেন্টাল	16
অক্সিডেশন	16
অগস্ট	16
অগাষ্ট	16
অগাস্ট	16
অটিস্টিক	16
অটোকরেক্ট	16
অটোকারেকশন	16
অডিও	16
অডিট	16
অডিশন	16
অথরাইজেশন	16
অথরিটি	16
অথেনটিক	16
অথেন্টিকেশন	16
অথোরিটি	16
অনলাইন	16
অন্টারিও	16
অপটিক	16
অপটিকাল	16
অপটিক্স	16
অপশন	16
অপারেট	16
অপারেশন	16
অফলাইন	16
অফিস	16
অফেনসিভ	16
অবজেক্ট	16
অবস্টেট্রিক	16
অরিজিনাল	16
অর্কেস্ট্রা	16
অর্কেস্ট্রাল	16
অলিভার	16
অলিভিয়া	16
অস্কার	16
অস্ট্রিয়া	16
অস্ট্রেলিয়া	16
অস্ট্রেলিয়ান	16
অ্যাকাউন্ট	16
অ্যাঙ্গোলা	16
অ্যাটম	16
অ্যাডভোকেট	16
অ্যাডমিন	16
অ্যাডমিশন	16
অ্যাডাপ্টার	16
অ্যাড্রেস	16
অ্যানথ্রাক্স	16
অ্যানিমে	16
অ্যানিমেশন	16
অ্যানেস্থেশিয়া	16
অ্যান্টনি	16
অ্যান্টার্কটিকা	16
অ্যান্টিবায়োটিক	16
অ্যান্টেনা	16
অ্যান্ড্রয়েড	16
অ্যান্ড্রু	16
অ্যাপ	16
অ্যাপোলো	16
অ্যাপ্লিকেশন	16
অ্যাভাটার	16
অ্যাভোকাডো	16
অ্যাম্বার	16
অ্যাম্বুলেন্স	16
অ্যারিজোনা	16
অ্যালকোহল	16
অ্যালগরিদম	16
অ্যালজেব্রা	16
অ্যালবাম	16
অ্যালবার্টা	16
অ্যালার্জি	16
অ্যালার্ম	16
অ্যাসাইনমেন্ট	16
অ্যাসিড	16
অ্যাসেট	16
আইওএস	16
আইকন	16
আইডেনটিটি	16
আইনস্টাইন	16
আইপ্যাড	16
আইফোন	16
আইসক্রিম	16
আইসল্যান্ড	16
আইসিইউ	16
আইসোটোপ	16
আউটপুট	16
আউটফিল্ড	16
আউটফিল্ডার	16
আউটফ্লো	16
আউটব্রেক	16
আউটরিচ	16
আউটসোর্সিং	16
আগষ্ট	16
আগস্ট	16
আগ্রা	16
আটলান্টা	16
আটলান্টিক	16
আন্ডারগ্রাউন্ড	16
আন্ডাররাইটিং	16
আন্দামান	16
আপগ্রেড	16
আপডেট	16
আপলোড	16
আপস্টার্ট	16
আপিল	16
আপেল	16
আফটার	16
আফটারগ্লো	16
আফ্রিকা	16
আবুধাবি	16
আমেইজিং	16
আমেরিকা	16
আয়ন	16
আয়ারল্যান্ড	16
আরভিং	16
আরাকান	16
আরামকেদারা	16
আর্কটিক	16
আর্কাইভ	16
আর্জেন্টিনা	16
আর্টিকেল	16
আর্টিস্ট	16
আর্থার	16
আর্মস্ট্রং	16
আলজেরিয়া	16
আলাবাস্টার	16
আলাস্কা	16
আলেকজান্ডার	16
আল্ট্রা	16
আল্ট্রাসাউন্ড	16
আসাম	16
আস্ট্রাখান	16
ইংল্যান্ড	16
ইউআই	16
ইউআরএল	16
ইউএক্স	16
ইউএসবি	16
ইউক্রেন	16
ইউক্লিড	16
ইউগোস্লাভ	16
ইউজার	16
ইউটিউব	16
ইউটিলিটি	16
ইউনিকোড	16
ইউনিফর্ম	16
ইউনিভার্সিটি	16
ইউনিয়ন	16
ইউরেনাস	16
ইউরেনিয়াম	16
ইউরেশিয়া	16
ইউরো	16
ইউরোপ	16
ইএমআই	16
ইকুইটি	16
ইকোসিস্টেম	16
ইক্লিপস	16
ইঞ্জিন	16
ইঞ্জিনিয়ার	16
ইঞ্জিনিয়ারিং	16
ইতালি	16
ইনজুরি	16
ইনজেকশন	16
ইনটেনসিভ	16
ইনট্রো	16
ইনডাকটিভ	16
ইনডেক্স	16
ইনপুট	16
ইনফিনিটি	16
ইনফ্রারেড	16
ইনফ্লুয়েঞ্জা	16
ইনফ্লুয়েন্সার	16
ইনবক্স	16
ইনব্রিডিং	16
ইনভয়েস	16
ইনভেনশন	16
ইনভেসিভ	16
ইনভেস্টিগেটিভ	16
ইনসুলিন	16
ইনসুলেটর	16
ইনস্টল	16
ইনস্টিংক্ট	16
ইনস্টিটিউট	16
ইনস্টিটিউশনাল	16
ইনস্যুরেন্স	16
ইন্টারনেট	16
ইন্টারপ্রেট	16
ইন্টারপ্লে	16
ইন্টারফেরন	16
ইন্টারফেস	16
ইন্টারসিটি	16
ইন্টারসেকশন	16
ইন্টারেস্ট	16
ইন্টার্ন	16
ইন্টার্নশিপ	16
ইন্ডিকেটর	16
ইন্ডিয়া	16
ইন্দোনেশিয়া	16
ইফেক্ট	16
ইব্রাহিম	16
ইভনিং	16
ইমপোস্টার	16
ইমপ্লিমেন্ট	16
ইমপ্লিমেন্টেশন	16
ইমার্জেন্সি	16
ইমিগ্রেশন	16
ইমেইল	16
ইমেজ	16
ইমোজি	16
ইম্পালস	16
ইম্পোর্ট	16
ইরাক	16
ইরান	16
ইলাস্ট্রেটর	16
ইলাস্ট্রেশন	16
ইলেকট্রন	16
ইলেকশন	16
ইলেক্ট্রোম্যাগনেটিক	16
ইসরায়েল	16
ইস্ট	16
ইস্টার	16
ইস্টার্ন	16
ইস্তাম্বুল	16
ঈগল	16
ঈশপ	16
উইকশনারি	16
উইকশনারী	16
উইকিপিডিয়া	16
উইকিপিডিয়ান	16
উইকিভয়েজ	16
উইকেট	16
উইথড্র	16
উইথড্রয়াল	16
উইনচেস্টার	16
উইন্ডোজ	16
উইলিয়াম	16
উইসকনসিন	16
উল	16
এইচটিএমএল	16
এইচটিটিপি	16
এইচটিটিপিএস	16
একাডেমি	16
এক্সক্লুসিভ	16
এক্সট্রাক্ট	16
এক্সপেরিমেন্ট	16
এক্সপোর্ট	16
এক্সরে	16
এক্সাম	16
এক্সিবিশন	16
এজেন্ডা	16
এডওয়ার্ড	16
এডমন্টন	16
এডমিশন	16
এডিট	16
এডিটর	16
এডিনবরা	16
এথনিসিটি	16
এথিক্স	16
এনকোড	16
এনক্রিপশন	16
এনক্রিপ্ট	16
এনক্লেভ	16
এনপিএম	16
এনসেফালাইটিস	16
এনার্জি	16
এন্টার	16
এন্টারটেনমেন্ট	16
এন্ট্রান্স	16
এন্ট্রি	16
এন্ডপয়েন্ট	16
এন্ডোমেট্রিয়াল	16
এপিআই	16
এপিটাফ	16
এপ্রিল	16
এব্রাহাম	16
এভা	16
এভারলাস্টিং	16
এমআরআই	16
এমা	16
এয়ারপোর্ট	16
এয়ারলাইন	16
এরিথমেটিক	16
এলজিবিটি	16
এলা	16
এশিয়া	16
এসপ্রেসো	16
এস্কেলেটর	16
ওজোন	16
ওটস	16
ওটিপি	16
ওভার	16
ওভারকোট	16
ওভারড্রাফট	16
ওভারফ্লো	16
ওভারভিউ	16
ওভাররাইড	16
ওভারল্যাপ	16
ওমান	16
ওয়াইন	16
ওয়াইফাই	16
ওয়ারশ	16
ওয়ারেন্ট	16
ওয়ার্কশপ	16
ওয়াশিংটন	16
ওয়াসম	16
ওয়েব	16
ওয়েবঅ্যাসেম্বলি	16
ওয়েবক্যাম	16
ওয়েবসাইট	16
ওয়েভ	16
ওল্ডফিল্ড	16
ওশানোগ্রাফিক	16
ওশেনিয়া	16
ওহাইও	16
কংক্রিট	16
কংগ্রেস	16
কনটেন্ট	16
কনফারেন্স	16
কনফিগ	16
কনফিগারেশন	16
কনভেনশন	16
কনসার্ট	16
কনসোল	16
কনস্টান্টিনোপল	16
কন্টেইনার	16
কন্ট্রাক্ট	16
কন্ট্রোল	16
কন্ডিশনার	16
কপি	16
কফি	16
কমপ্লিট	16
কমপ্লেইন	16
কমপ্লেক্স	16
কমান্ড	16
কমিট	16
কমিটি	16
কমিশন	16
কমেন্ট	16
কম্পাইল	16
কম্পাইলার	16
কম্পাইলেশন	16
কম্পাস	16
কম্পিউটার	16
কম্পিউটিং	16
কম্পোস্ট	16
কম্প্রেশন	16
কম্বোডিয়া	16
করোনা	16
করোনাভাইরাস	16
কর্নফ্লেক্স	16
কর্পোরেট	16
কলেজ	16
কস্ট	16
কাউন্টি	16
কাজাখস্তান	16
কাতার	16
কানাডা	16
কানেকশন	16
কানেক্টিভিটি	16
কান্ট্রি	16
কাপ	16
কাম্পালা	16
কায়রো	16
কার	16
কারেন্সি	16
কার্গো	16
কার্ড	16
কার্ডিওলজি	16
কার্ডিওলজিস্ট	16
কার্ডিফ	16
কার্ডিয়াক	16
কার্নেল	16
কার্বন	16
কার্বোহাইড্রেট	16
কার্সর	16
কার্স্ট	16
কালার	16
কালেকশন	16
কালেক্ট	16
কালেক্টিভ	16
কাস্টার্ড	16
কিংফিশার	16
কিংস্টন	16
কিওস্ক	16
কিডনি	16
কিবোর্ড	16
কিরগিজস্তান	16
কিলোগ্রাম	16
কিলোবাইট	16
কিলোমিটার	16
কীবোর্ড	16
কীস্ট্রোক	16
কুইজ	16
কুইবেক	16
কুকি	16
কুবারনেটিস	16
কুয়েত	16
কুয়েরি	16
কেক	16
কেচাপ	16
কেট	16
কেটলি	16
কেবল	16
কেমব্রিজ	16
কেমিক্যাল	16
কেমিস্ট	16
কেমিস্ট্রি	16
কেরাটিন	16
কেরোসিন	16
কেস	16
কোঅপারেটিভ	16
কোক	16
কোচ	16
কোড	16
কোডিং	16
কোম্পানি	16
কোয়ার্টারফাইনাল	16
কোরিয়া	16
কোর্ট	16
কোর্স	16
কোস্টার	16
ক্যাচ	16
ক্যাট	16
ক্যাটার	16
ক্যান্ডি	16
ক্যান্সার	16
ক্যাপ	16
ক্যাপচা	16
ক্যাপসুল	16
ক্যাপ্টেন	16
ক্যাফে	16
ক্যাবিনেট	16
ক্যামেরা	16
ক্যাম্পাস	16
ক্যারাম	16
ক্যালকুলাস	16
ক্যালকুলেটর	16
ক্যালগারি	16
ক্যালিফোর্নিয়া	16
ক্যাশ	16
ক্যাশিয়ার	16
ক্যাস্টর	16
ক্যাস্টার	16
ক্রস	16
ক্রাইস্ট	16
ক্রাফট	16
ক্রিকেট	16
ক্রিটিক	16
ক্রিপ্টো	16
ক্রিম	16
ক্রিয়েটর	16
ক্রিয়েটিভ	16
ক্রিশ্চান	16
ক্রিসমাস	16
ক্রিস্টাল	16
ক্রিস্টালোগ্রাফি	16
ক্রিস্টি	16
ক্রীম	16
ক্রেইগ	16
ক্রেট	16
ক্রেডিট	16
ক্রেস্ট	16
ক্রোম	16
ক্রোমাটোগ্রাফি	16
ক্র্যাক	16
ক্লাউড	16
ক্লাব	16
ক্লায়েন্ট	16
ক্লারা	16
ক্লাস	16
ক্লাসরুম	16
ক্লাসিক	16
ক্লাসিকাল	16
ক্লাস্টার	16
ক্লিক	16
ক্লিন	16
ক্লিনিক	16
ক্লিপবোর্ড	16
ক্লোন	16
ক্লোরাইড	16
ক্লোরিন	16
ক্লোরেট	16
ক্লোরোপ্লাস্ট	16
ক্লোরোফর্ম	16
ক্লোরোফিল	16
খ্রিস্ট	16
খ্রিস্টান	16
গায়ানা	16
গার্টার	16
গিগাবাইট	16
গিজার	16
গিট	16
গিটহাব	16
গিটার	16
গিটারিস্ট	16
গুগল	16
গুজরাট	16
গেম	16
গেস্টহাউস	16
গোয়া	16
গোল	16
গোল্ডফিশ	16
গ্যারেজ	16
গ্যালারি	16
গ্যাস	16
গ্রানাডা	16
গ্রান্ট	16
গ্রাফ	16
গ্রাফাইট	16
গ্রাফিক	16
গ্রাফিকাল	16
গ্রাফিক্স	16
গ্রাম	16
গ্রামার	16
গ্রিক	16
গ্রিড	16
গ্রিন	16
গ্রিনহাউস	16
গ্রিপ	16
গ্রিল	16
গ্রিস	16
গ্রীন	16
গ্রুপ	16
গ্রুম	16
গ্রেড	16
গ্রেস	16
গ্রোথ	16
গ্র্যাভিটি	16
গ্লাইকোল	16
গ্লাইডার	16
গ্লাইসিন	16
গ্লাডস্টোন	16
গ্লাস	16
গ্লুটামিক	16
গ্লুটামেট	16
গ্লোব	16
গ্লোবাল	16
ঘোস্ট	16
চকলেট	16
চকোলেট	16
চার্চ	16
চার্জার	16
চার্ট	16
চার্টিস্ট	16
চার্লস	16
চার্লি	16
চিজ	16
চিপস	16
চিমনি	16
চুরুট	16
চেক	16
চেকলিস্ট	16
চেয়ার	16
চ্যাট	16
চ্যাটার্জী	16
চ্যানেল	16
চ্যাপ্টার	16
জংশন	16
জগ	16
জগার	16
জজ	16
জন	16
জনসন	16
জম্বি	16
জর্জ	16
জাঙ্কশন	16
জানুয়ারি	16
জাপান	16
জাভা	16
জাভাস্ক্রিপ্ট	16
জাম	16
জাম্প	16
জায়ন	16
জার্নাল	16
জার্মান	16
জার্মানি	16
জার্সি	16
জিআইএফ	16
জিওমেট্রি	16
জিনোমিক্স	16
জিন্স	16
জিপসি	16
জিপিইউ	16
জিবুতি	16
জিব্রাল্টার	16
জিমনাস্টিক	16
জিমনাস্টিকস	16
জিমি	16
জিহাদি	16
জুন	16
জুরি	16
জুলজি	16
জুলাই	16
জুস	16
জেটি	16
জেন	16
জেনেটিক	16
জেনেটিক্স	16
জেফারসন	16
জেব্রা	16
জেরুসালেম	16
জেলেনস্কি	16
জেসমিন	16
জোসেফ	16
জ্যাকপট	16
জ্যাকসন	16
জ্যাকেট	16
জ্যাম	16
জ্যাসপার	16
টন	16
টপিক	16
টমেটো	16
টম্যাটো	16
টয়লেট	16
টরন্টো	16
টাই	16
টাইপ	16
টাইপফেস	16
টাইপস্ক্রিপ্ট	16
টাইপিস্ট	16
টাইল	16
টাউট	16
টাউন	16
টাটার	16
টানেল	16
টারজান	16
টার্কি	16
টার্মিনাল	16
টার্মিনাস	16
টাস্কমাস্টার	16
টিউটর	16
টিউটোরিয়াল	16
টিউশন	16
টিকিট	16
টিচার	16
টিজ	16
টিন	16
টিন্ডার	16
টিপাই	16
টিফিন	16
টিম	16
টিল্ডা	16
টিশার্ট	16
টুইস্টার	16
টুথপেস্ট	16
টুথব্রাশ	16
টুর্নামেন্ট	16
টুল	16
টেকওভার	16
টেকনোলজি	16
টেক্সট	16
টেক্সটবুক	16
টেক্সটাইল	16
টেক্সাস	16
টেডি	16
টেনশন	16
টেনিস	16
টেবিল	16
টেমপ্লেট	16
টেমস	16
টেম্পল	16
টেম্পারেচার	16
টেম্‌স	16
টেরাবাইট	16
টেলিগ্রাফ	16
টেলিগ্রাম	16
টেলিফোন	16
টেলিভিশন	16
টেলিস্কোপ	16
টেস্ট	16
টেস্টকেস	16
টেস্টার	16
টোকেন	16
টোস্ট	16
টোস্টার	16
ট্যাক্স	16
ট্যাক্সি	16
ট্যান্ডেম	16
ট্যাবলেট	16
ট্যুরিস্ট	16
ট্রপিক	16
ট্রপিকাল	16
ট্রফি	16
ট্রমা	16
ট্রাইব্যুনাল	16
ট্রাইমিস্টার	16
ট্রাউজার	16
ট্রাউট	16
ট্রাক	16
ট্রাঙ্ক	16
ট্রানজিশন	16
ট্রানজিস্টার	16
ট্রানজ্যাকশন	16
ট্রান্সক্রিপশন	16
ট্রান্সক্রিপ্ট	16
ট্রান্সনিস্ট্রিয়া	16
ট্রান্সপন্ডার	16
ট্রান্সপারেন্সি	16
ট্রান্সপোর্ট	16
ট্রান্সমিট	16
ট্রান্সমিটার	16
ট্রান্সমিশন	16
ট্রান্সলিটারেট	16
ট্রান্সলিটারেশন	16
ট্রাফিক	16
ট্রাম্প	16
ট্রাস্টি	16
ট্রাস্টিজ	16
ট্রিটিয়াম	16
ট্রিমার	16
ট্রেইন	16
ট্রেক	16
ট্রেডমার্ক	16
ট্রেডিং	16
ট্রেন	16
ট্রেনিং	16
ট্রেন্ড	16
ট্রেন্ডি	16
ট্রোল	16
ট্র্যাক	16
ডক	16
ডকস	16
ডকার	16
ডকুমেন্ট	16
ডজন	16
ডবল	16
ডলফিন	16
ডলার	16
ডাইঅক্সাইড	16
ডাইনামাইট	16
ডাইনামিক্স	16
ডাইনিং	16
ডাইভিং	16
ডাউনগ্রেড	16
ডাউনটাইম	16
ডাউনলোড	16
ডাক্তার	16
ডাম্প	16
ডাম্পলিং	16
ডায়াগনোসিস	16
ডায়াবেটিস	16
ডার্কমোড	16
ডার্লিং	16
ডালিয়া	16
ডাস্টার	16
ডিএনএস	16
ডিকশনারি	16
ডিকশনারী	16
ডিক্রি	16
ডিগ্রি	16
ডিজাইন	16
ডিজাইনার	16
ডিজাস্টার	16
ডিজিটাল	16
ডিটেক্টর	16
ডিনার	16
ডিপার্টমেন্ট	16
ডিপোজিট	16
ডিপ্রেশন	16
ডিপ্লয়	16
ডিপ্লয়মেন্ট	16
ডিপ্লোমা	16
ডিফেন্ড	16
ডিফেন্ডার	16
ডিফেন্স	16
ডিবাগ	16
ডিবেট	16
ডিভাইস	16
ডিভিডি	16
ডিল	16
ডিসকাউন্ট	16
ডিসক্লোজার	16
ডিসপ্লে	16
ডিসেম্বর	16
ডিস্কো	16
ডিস্কোগ্রাফি	16
ডিস্টিলারি	16
ডিস্ট্রিক্ট	16
ডিস্ট্রিবিউটর	16
ডিস্ট্রো	16
ডুওডেনাম	16
ডুয়ার্স	16
ডেজার্ট	16
ডেট	16
ডেটা	16
ডেটাবেস	16
ডেটাসেট	16
ডেনমার্ক	16
ডেনসিটি	16
ডেন্টাল	16
ডেন্টিস্ট	16
ডেবিট	16
ডেভিড	16
ডেমোক্রেসি	16
ডেমোক্র্যাট	16
ডেস্ক	16
ডেস্কটপ	16
ডোনাট	16
ডোমেইন	16
ড্যানিয়েল	16
ড্যাশ	16
ড্যাশবোর্ড	16
ড্রাইভ	16
ড্রাইভার	16
ড্রাফট	16
ড্রাম	16
ড্রিফট	16
ড্রেন	16
ড্রেস	16
তাইওয়ান	16
তাইপে	16
তাজিকিস্তান	16
তিব্বত	16
থমাস	16
থাইল্যান্ড	16
থার্মোমিটার	16
থিওরি	16
থিম	16
থিসিস	16
থেরাপি	16
থেরাপিস্ট	16
থ্রাস্টার	16
থ্রেড	16
দামাস্কাস	16
দুবাই	16
দুরিয়ান	16
দোহা	16
নভেম্বর	16
নভেল	16
নম্বর	16
নরওয়ে	16
নাইট্রিক	16
নাইট্রেট	16
নাইট্রোজেন	16
নাগাল্যান্ড	16
নাম্বার	16
নার্স	16
নার্সিং	16
নিউক্লিওটাইড	16
নিউক্লিয়াস	16
নিউজ	16
নিউজলেটার	16
নিউট্রিনো	16
নিউট্রিশন	16
নিউরন	16
নিউরোলজি	16
নিকোটিন	16
নিকোবর	16
নিট্রো	16
নুডলস	16
নেগেটিভ	16
নেটওয়ার্ক	16
নেটওয়ার্কিং	16
নেটস্কেপ	16
নেটিভ	16
নেপচুন	16
নেপাল	16
নেমাটোড	16
নোট	16
নোটস	16
নোটারি	16
নোটিফিকেশন	16
নোটেশন	16
নোড	16
ন্যাটো	16
পকেট	16
পডকাস্ট	16
পর্তুগাল	16
পল	16
পলিটিক্স	16
পলিনেশিয়া	16
পলিসি	16
পল্টন	16
পাইথন	16
পাইপলাইন	16
পাইলট	16
পাবলিক	16
পাবলিকেশন	16
পাবলিশ	16
পাবলিসিস্ট	16
পাম্প	16
পার্কিং	16
পার্টি	16
পার্লামেন্ট	16
পার্সেল	16
পালস	16
পাসওয়ার্ড	16
পাসকি	16
পাসপোর্ট	16
পাস্তা	16
পিউবার্টি	16
পিকিং	16
পিজা	16
পিটার	16
পিডিএফ	16
পিথাগোরাস	16
পিয়ানো	16
পিল	16
পুডিং	16
পুল	16
পুলিশ	16
পেট্রোল	16
পেট্রোলিয়াম	16
পেনশন	16
পেপটাইড	16
পেমেন্ট	16
পেশেন্ট	16
পেস্ট	16
পোর্ট	16
পোর্ট্রেট	16
পোল	16
পোলারিটি	16
পোল্যান্ড	16
পোস্ট	16
পোস্টকার্ড	16
পোস্টমাস্টার	16
পোস্টস্ক্রিপ্ট	16
পোস্টার	16
প্যাকেজ	16
প্যাকেট	16
প্যাচ	16
প্যাথলজি	16
প্যান্ট	16
প্যান্ডেল	16
প্যারিস	16
প্যালেস্টাইন	16
প্রক্সি	16
প্রজেক্ট	16
প্রজেক্টাইল	16
প্রপোজাল	16
প্রফিট	16
প্রফেসর	16
প্রব্লেম	16
প্রসেস	16
প্রসেসর	16
প্রাইড	16
প্রাইমটাইম	16
প্রাইমেট	16
প্রাগ	16
প্রিচ	16
প্রিন্টার	16
প্রিন্সিপালিটি	16
প্রিভিউ	16
প্রিভেন্টিভ	16
প্রিমরোজ	16
প্রিমিয়াম	16
প্রিস্কুল	16
প্রিস্টলি	16
প্রিহিস্টোরিক	16
প্রুফ	16
প্রুফরিড	16
প্রেগন্যান্সি	16
প্রেজুডিস	16
প্রেজেন্টেশন	16
প্রেস	16
প্রেসক্রিপশন	16
প্রেসার	16
প্রেস্টিজ	16
প্রেস্টো	16
প্রোগ্রাম	16
প্রোগ্রামড	16
প্রোগ্রামার	16
প্রোগ্রামিং	16
প্রোটন	16
প্রোটিন	16
প্রোটেস্ট	16
প্রোটোকল	16
প্রোটোটাইপ	16
প্রোডাক্ট	16
প্রোপাগান্ডা	16
প্রোপেন	16
প্রোফাইল	16
প্রোব	16
প্রোভাইডার	16
প্রোস্টেট	16
প্লাগইন	16
প্লাজমা	16
প্লাটিনাম	16
প্লাটুন	16
প্লাস্টার	16
প্লাস্টিক	16
প্লিজ	16
প্লীজ	16
প্লুটো	16
প্লেইন	16
প্লেগ	16
প্লেট	16
প্লেটলেট	16
প্লেন	16
প্লেলিস্ট	16
প্ল্যাটফর্ম	16
প্ল্যাটিনাম	16
ফটো	16
ফটোগ্রাফ	16
ফটোগ্রাফি	16
ফন্ট	16
ফরম্যাট	16
ফরেস্ট্রি	16
ফর্ম	16
ফর্মুলা	16
ফলো	16
ফলোয়ার	16
ফস্টার	16
ফাংশন	16
ফাইনাল	16
ফাইনালিস্ট	16
ফাইবারগ্লাস	16
ফাইল	16
ফাউন্ডার	16
ফাউন্ডেশন	16
ফান্ড	16
ফান্ডামেন্টালিস্ট	16
ফায়ারওয়াল	16
ফার্মাকোলজি	16
ফার্মাসিউটিকাল	16
ফার্মাসিস্ট	16
ফার্মেসি	16
ফার্স্ট	16
ফিক্স	16
ফিক্সেশন	16
ফিজিক্স	16
ফিটার	16
ফিড	16
ফিডব্যাক	16
ফিডস্টক	16
ফিডেলিটি	16
ফিনল্যান্ড	16
ফিলিপাইন	16
ফিল্টার	16
ফিল্ড	16
ফিল্ডার	16
ফিল্ম	16
ফিল্মি	16
ফিশিং	16
ফুটপাথ	16
ফুটবল	16
ফুয়েল	16
ফেটিশ	16
ফেড	16
ফেডারাল	16
ফেডারেশন	16
ফেন্ডার	16
ফেব্রুয়ারি	16
ফেভারিট	16
ফেমিনিস্ট	16
ফেলোশিপ	16
ফেসবুক	16
ফোন	16
ফোনোগ্রাফ	16
ফোরকাস্ট	16
ফোরাম	16
ফোর্স	16
ফোল্ডার	16
ফ্যাকাল্টি	16
ফ্যান	16
ফ্যাব্রিক	16
ফ্যাশন	16
ফ্রাক্টাল	16
ফ্রান্স	16
ফ্রিকোয়েন্সি	16
ফ্রিজ	16
ফ্রিস্টাইল	16
ফ্রুট	16
ফ্রেন্ডশিপ	16
ফ্রেমওয়ার্ক	16
ফ্রেশ	16
ফ্রেস্কো	16
ফ্লপি	16
ফ্লাইওভার	16
ফ্লাইট	16
ফ্লাক্স	16
ফ্লাড	16
ফ্লাফি	16
ফ্লার্ট	16
ফ্লাশ	16
ফ্লিকার	16
ফ্লিপার	16
ফ্লুক	16
ফ্লুট	16
ফ্লুরাইড	16
ফ্লুরিন	16
ফ্লেমিং	16
ফ্লেমিশ	16
ফ্লেশ	16
ফ্লোরিডা	16
ফ্লোরেন্স	16
ফ্ল্যাগ	16
ফ্ল্যাট	16
বটানি	16
বল	16
বলকান	16
বলিউড	16
বস	16
বসনিয়া	16
বাইক	16
বাইট	16
বাইনারি	16
বাইবেল	16
বাকিংহাম	16
বাক্স	16
বাগ	16
বাজেট	16
বাটন	16
বাটার	16
বাটারফ্লাই	16
বান্ডল	16
বান্ডলার	16
বাম্পার	16
বায়োলজি	16
বায়োস	16
বারবিকিউ	16
বার্গার	16
বার্মা	16
বার্মিংহাম	16
বার্লিন	16
বাল্ব	16
বাস	16
বাস্কেটবল	16
বাস্টার	16
বিজনেস	16
বিজেপি	16
বিট	16
বিয়ার	16
বিল	16
বিল্ড	16
বিস্কুট	16
বুকমার্ক	16
বুট	16
বুটিক	16
বুদাপেস্ট	16
বুর্জোয়া	16
বুলেট	16
বুসান	16
বুস্টার	16
বেইজিং	16
বেইল	16
বেজিং	16
বেড	16
বেনজিন	16
বেনারস	16
বেরুত	16
বেল	16
বেলগ্রেড	16
বেলফাস্ট	16
বেলারুশ	16
বেলুন	16
বেল্ট	16
বেস্টসেলার	16
বোতল	16
বোনাস	16
বোর্ডিং	16
বোলার	16
বোলিং	16
ব্যাংক	16
ব্যাগ	16
ব্যাঙ্ক	16
ব্যাঙ্কক	16
ব্যাট	16
ব্যাটসম্যান	16
ব্যাটারি	16
ব্যানার	16
ব্যান্ড	16
ব্যাবিলন	16
ব্যালেন্স	16
ব্রডকাস্ট	16
ব্রডকাস্টার	16
ব্রাউজ	16
ব্রাউজার	16
ব্রাউনফিল্ড	16
ব্রাজিল	16
ব্রাজিলিয়ান	16
ব্রাঞ্চ	16
ব্রাশ	16
ব্রাস	16
ব্রিজ	16
ব্রিজটাউন	16
ব্রিটিশ	16
ব্রিটেন	16
ব্রিড	16
ব্রিফকেস	16
ব্রিস্টল	16
ব্রুকস	16
ব্রুনাই	16
ব্রুমস্টিক	16
ব্রেইন	16
ব্রেক	16
ব্রেকআউট	16
ব্রেকআপ	16
ব্রেকফাস্ট	16
ব্রেড	16
ব্রোঞ্জ	16
ব্রোমিন	16
ব্র্যান্ড	16
ব্র্যান্ডি	16
ব্লগ	16
ব্লগার	16
ব্লাড	16
ব্লাফ	16
ব্লিচ	16
ব্লিস্টার	16
ব্লুগ্রাস	16
ব্লুটুথ	16
ব্লুপ্রিন্ট	16
ব্লুবেরি	16
ভদকা	16
ভলিউম	16
ভাইকিং	16
ভাইরাল	16
ভাইরাস	16
ভায়োলিন	16
ভার্চুয়াল	16
ভার্টিকাল	16
ভার্সন	16
ভালভ	16
ভিউ	16
ভিক্টর	16
ভিজিট	16
ভিট	16
ভিটামিন	16
ভিডিও	16
ভিডিওগ্রাফার	16
ভিয়েতনাম	16
ভিসা	16
ভিসি	16
ভুটান	16
ভেক্টর	16
ভেন্টিলেটর	16
ভেন্টিলেশন	16
ভোকালিস্ট	16
ভোট	16
ভ্যাকসিন	16
ভ্যাট	16
ভ্যারিয়েবল	16
ভ্লগ	16
মগ	16
মঙ্গোলিয়া	16
মটর	16
মডিউল	16
মডেম	16
মডেল	16
মনস্টার	16
মনিটর	16
মনোক্সাইড	16
মনোগ্রাফ	16
মব	16
মমি	16
মরক্কো	16
মরিশাস	16
মর্নিং	16
মলিকিউল	16
মস্কো	16
মাইক	16
মাইকেল	16
মাইক্রো	16
মাইক্রোচিপ	16
মাইক্রোনেশিয়া	16
মাইক্রোফোন	16
মাইক্রোমিটার	16
মাইক্রোসফট	16
মাইক্রোস্কোপ	16
মাইগ্রেইন	16
মাইগ্রেট	16
মাইগ্রেন	16
মাইগ্রেশন	16
মাইনাস	16
মাইলস্টোন	16
মাউস	16
মাকাও	16
মাটিল্ডা	16
মাদাগাস্কার	16
মাদারবোর্ড	16
মাদ্রাজ	16
মার্ক	16
মার্কেট	16
মার্কেটিং	16
মার্চ	16
মার্জ	16
মার্টিনি	16
মার্টিনিক	16
মালদ্বীপ	16
মালয়	16
মালয়েশিয়া	16
মাস	16
মাস্ক	16
মাস্কারা	16
মাস্টার	16
মাস্টারপিস	16
মিউজিক	16
মিউজিয়াম	16
মিউনিখ	16
মিটার	16
মিটিং	16
মিডউইন্টার	16
মিডিয়া	16
মিথেন	16
মিনস্টার	16
মিনিট	16
মিনিটস	16
মিনিস্টার	16
মিম	16
মিয়া	16
মিয়ানমার	16
মিলিমিটার	16
মিশন	16
মিস্টার	16
মীরাট	16
মুভি	16
মে	16
মেইল	16
মেক্সিকো	16
মেগাবাইট	16
মেজর	16
মেটাফিজিক্স	16
মেটালার্জি	16
মেট্রিক্স	16
মেট্রো	16
মেডিসিন	16
মেডেল	16
মেথড	16
মেথোট্রেক্সেট	16
মেমোরি	16
মেয়োনিজ	16
মেরি	16
মেলানেশিয়া	16
মেসেজ	16
মোটর	16
মোটরবাইক	16
মোটরসাইকেল	16
মোটিফ	16
মোটিভ	16
মোড	16
মোবাইল	16
মোবিলিটি	16
মোশন	16
ম্যাক	16
ম্যাকওএস	16
ম্যাচ	16
ম্যাজেন্টা	16
ম্যাডাম	16
ম্যাথ	16
ম্যাথিউ	16
ম্যাথেমেটিক্স	16
ম্যানেজার	16
যিহোবা	16
রবার	16
রবার্ট	16
রম	16
রাইনল্যান্ড	16
রাইনোপ্লাস্টি	16
রাইয়ান	16
রাউট	16
রাউটার	16
রাউন্ড	16
রান	16
রানটাইম	16
রাশিয়া	16
রাসেল	16
রাস্ট	16
রাস্টার	16
রিংমাস্টার	16
রিঅ্যাকশন	16
রিঅ্যাক্ট	16
রিঅ্যাক্টর	16
রিএকশন	16
রিএক্টর	16
রিকশা	16
রিকোয়েস্ট	16
রিক্টার	16
রিক্রুট	16
রিচার্ড	16
রিটার্ন	16
রিট্রিট	16
রিডিং	16
রিডেম্পশন	16
রিপাবলিক	16
রিপো	16
রিপোজিটরি	16
রিপোর্ট	16
রিপোর্টার	16
রিফ্লাক্স	16
রিফ্লেক্স	16
রিভিউ	16
রিয়াদ	16
রিল	16
রিলস	16
রিলিজ	16
রিসার্চ	16
রিসিপ্ট	16
রিসোর্স	16
রিস্ট	16
রুস্টার	16
রেইল	16
রেকর্ড	16
রেজল্যুশন	16
রেজাল্ট	16
রেজিমেন্ট	16
রেজিমেন্টাল	16
রেজিস্টার	16
রেজিস্ট্রার	16
রেজিস্ট্রি	16
রেজিস্ট্রেশন	16
রেটিনা	16
রেটিনাল	16
রেট্রোভাইরাস	16
রেডিং	16
রেডিও	16
রেন্ডার	16
রেপ্লিকা	16
রেফারি	16
রেফারেন্ডাম	16
রেবেকা	16
রেভোলুশন	16
রেল	16
রেলিং	16
রেসপন্স	16
রেস্টুরেন্ট	16
রোজ	16
রোটর	16
রোড	16
রোডস্টার	16
রোবট	16
রোম	16
রোমান	16
রোমান্টিক	16
রোস্টার	16
র‍্যাঙ্ক	16
র‍্যান্ডম	16
র‍্যাম	16
লকার	16
লগ	16
লগআউট	16
লগইন	16
লগার	16
লজেন্স	16
লন্ঠন	16
লন্ডন	16
লন্ড্রি	16
লবস্টার	16
লয়ার	16
লরা	16
লস	16
লাইক	16
লাইট	16
লাইটার	16
লাইফবোট	16
লাইফসেভিং	16
লাইফস্টাইল	16
লাইব্রেরি	16
লাইভ	16
লাইভস্ট্রিম	16
লাইসেন্স	16
লাউডস্পিকার	16
লাওস	16
লাঞ্চ	16
লাদাখ	16
লাভা	16
লায়াবিলিটি	16
লাস্টার	16
লিংক	16
লিংকনশায়ার	16
লিগ্যাল	16
লিঙ্ক	16
লিঙ্কনশায়ার	16
লিঙ্গুইস্টিক	16
লিঙ্গুইস্টিক্স	16
লিটার	16
লিটারারি	16
লিথোগ্রাফি	16
লিনাক্স	16
লিন্ট	16
লিন্টার	16
লিপস্টিক	16
লিপোপ্রোটিন	16
লিফট	16
লিভারপুল	16
লিভিংস্টোন	16
লিলি	16
লিস্টার	16
লীগ	16
লুক	16
লুসি	16
লেআউট	16
লেকচার	16
লেকচারার	16
লেক্সিকন	16
লেজার	16
লেজিসলেটিভ	16
লেটার	16
লেন	16
লেনিন	16
লেভেল	16
লেমনেড	16
লেসবিয়ান	16
লোকাস্ট	16
লোকেশন	16
লোড	16
লোশন	16
ল্যাপটপ	16
ল্যাব	16
শর্টকাট	16
শাওয়ার	16
শার্ট	16
শার্পশুটার	16
শিডিউল	16
শিপ	16
শিপিং	16
শিলিং	16
শুটার	16
শুটিং	16
শেফিল্ড	16
শেয়ার	16
শেল্টার	16
শ্যাম্পু	16
সকার	16
সকেট	16
সফটওয়্যার	16
সফ্টওয়্যার	16
সমন	16
সস	16
সাইকেল	16
সাইক্লোন	16
সাইনআপ	16
সাইনইন	16
সাউন্ড	16
সাউন্ডট্রাক	16
সান্ডারল্যান্ড	16
সাপ্লিমেন্ট	16
সাফারি	16
সাফিক্স	16
সাবইউনিট	16
সাবজেক্ট	16
সাবজেক্টিভিটি	16
সাবরিনা	16
সাবরুটিন	16
সাবস্ক্রাইব	16
সাবস্ক্রাইবার	16
সাবস্ক্রিপশন	16
সারা	16
সার্চ	16
সার্জন	16
সার্জারি	16
সার্টিফিকেট	16
সার্ফিং	16
সার্ভার	16
সার্ভিস	16
সালফাইড	16
সালফেট	16
সালাদ	16
সাসপেনশন	16
সিং	16
সিংগাপুর	16
সিএনজি	16
সিএসএস	16
সিকিউরিটি	16
সিগন্যাল	16
সিগারেট	16
সিঙ্গাপুর	16
সিঙ্গেল	16
সিট	16
সিটি	16
সিটিস্ক্যান	16
সিডি	16
সিনিস্টার	16
সিনেমা	16
সিনেমাটোগ্রাফার	16
সিনেমাটোগ্রাফি	16
সিন্ডিকেটেড	16
সিন্ডিকেশন	16
সিপিইউ	16
সিম	16
সিরাপ	16
সিরিয়াল	16
সিলিকন	16
সিলেকশন	16
সিলেট	16
সিলেবাস	16
সিস্টার	16
সিস্টিক	16
সিস্টেম	16
সিস্টেমিক	16
সিস্টোলিক	16
সুইচ	16
সুইজারল্যান্ড	16
সুইডেন	16
সুইফট	16
সুইমিং	16
সুগার	16
সুনামি	16
সুপ	16
সুপারঅক্সাইড	16
সুপারকম্পিউটার	16
সুরিনাম	16
সেকশন	16
সেকুলার	16
সেকেন্ড	16
সেক্টর	16
সেক্স	16
সেটিং	16
সেটিংস	16
সেন্টার	16
সেন্টিমিটার	16
সেন্ডার	16
সেন্স	16
সেন্সিবিলিটি	16
সেপ্টেম্বর	16
সেমিটিক	16
সেমিনার	16
সেমিফাইনাল	16
সেমিস্টার	16
সেল	16
সেলুন	16
সেশন	16
সোডা	16
সোফা	16
সোফিয়া	16
সোভিয়েত	16
সোমালিয়া	16
সোয়েটার	16
সোর্স	16
সৌদি	16
স্কটল্যান্ড	16
স্কলারশিপ	16
স্কাইডাইভ	16
স্কাইপ	16
স্কাউট	16
স্কাউটমাস্টার	16
স্কার্ট	16
স্কার্ফ	16
স্কিইং	16
স্কিমা	16
স্কুইড	16
স্কুটার	16
স্কুবা	16
স্কুল	16
স্কুলমাস্টার	16
স্কেট	16
স্কেটবোর্ড	16
স্কেল	16
স্কেলার	16
স্কোর	16
স্কোরকার্ড	16
স্কোরবোর্ড	16
স্কোরার	16
স্ক্যান	16
স্ক্যানার	16
স্ক্রল	16
স্ক্রাব	16
স্ক্রিন	16
স্ক্রিনশট	16
স্ক্রিপ্ট	16
স্ক্রিম	16
স্ক্রীন	16
স্ক্রু	16
স্ক্রোল	16
স্টক	16
স্টপ	16
স্টাইন	16
স্টাইল	16
স্টাইলিস্ট	16
স্টাফ	16
স্টাম্প	16
স্টার	16
স্টারডাস্ট	16
স্টার্ক	16
স্টার্টআপ	16
স্টার্টার	16
স্টার্লিং	16
স্টিং	16
স্টিক	16
স্টিকি	16
স্টিভেন	16
স্টিমশিপ	16
স্টিমার	16
স্টিল	16
স্টুডিও	16
স্টুডেন্ট	16
স্টেক	16
স্টেকহোল্ডার	16
স্টেট	16
স্টেটস	16
স্টেডিয়াম	16
স্টেনসিল	16
স্টেপ	16
স্টেরয়েড	16
স্টেরিও	16
স্টেরিওটাইপ	16
স্টেলা	16
স্টেশন	16
স্টোর	16
স্টোরি	16
স্টোরিবোর্ড	16
স্ট্যাটাস	16
স্ট্যাটিসটিক্স	16
স্ট্রাইক	16
স্ট্রাকচারাল	16
স্ট্রিং	16
স্ট্রিট	16
স্ট্রিম	16
স্ট্রিমলাইন	16
স্ট্রিমলাইনড	16
স্ট্রেইট	16
স্তালিন	16
স্ন্যাক	16
স্ন্যাপশট	16
স্পন্সরশিপ	16
স্পার	16
স্পার্ক	16
স্পিকার	16
স্পিনস্টার	16
স্পিরিট	16
স্পুটনিক	16
স্পুফ	16
স্পেকট্রাম	16
স্পেন	16
স্পেন্স	16
স্পেশালিস্ট	16
স্পেসক্রাফট	16
স্পেসিমেন	16
স্পোক	16
স্পোর	16
স্পোর্টস	16
স্প্যাম	16
স্প্রাউট	16
স্প্রিং	16
স্প্রিংগার	16
স্প্রে	16
স্প্রেডশিট	16
স্প্লিন	16
স্ফিংক্স	16
স্মার্ট	16
স্মার্টকার্ড	16
স্মার্টফোন	16
স্মোক	16
স্যানিটাইজার	16
স্যান্ডউইচ	16
স্যান্ডেল	16
স্যাম্পল	16
স্যার	16
স্যালারি	16
স্যুট	16
স্লাইড	16
স্লাভিক	16
স্লিট	16
স্লেভ	16
স্লোগান	16
স্লোভাক	16
হকি	16
হটস্পট	16
হরমোন	16
হল	16
হসপিটাল	16
হাইওয়ে	16
হাইক	16
হাইড্রেটেড	16
হাইড্রোক্সি	16
হাইড্রোজেন	16
হাইড্রোফিলিক	16
হাইড্রোলিক	16
হাইপারটেক্সট	16
হাইপারটেনশন	16
হাইপারলিংক	16
হাইপোথ্যালামাস	16
হাউজিং	16
হান্টার	16
হার্ট	16
হার্ডওয়্যার	16
হার্ভার্ড	16
হাসপাতাল	16
হিউম্যানিস্ট	16
হিউরিস্টিক	16
হিউস্টন	16
হিচহাইকিং	16
হিট	16
হিটলার	16
হিপস্টার	16
হিব্রু	16
হিস্টোরিকাল	16
হেডফোন	16
হেডমাস্টার	16
হেডসেট	16
হেনরি	16
হেনা	16
হেপাটাইটিস	16
হেরিং	16
হেলিকাপ্টার	16
হোটেল	16
হোমপেজ	16
হোয়াটসঅ্যাপ	16
হোলিস্টিক	16
হোস্ট	16
হ্যানয়	16
হ্যালো	16
হ্যাশ	16
